<?xml version="1.0" encoding="UTF-8"?>
<project-private xmlns="http://www.netbeans.org/ns/project-private/1">
    <editor-bookmarks xmlns="http://www.netbeans.org/ns/editor-bookmarks/2" lastBookmarkId="0"/>
    <open-files xmlns="http://www.netbeans.org/ns/projectui-open-files/2">
        <group>
            <file>file:/C:/Users/reyma/Downloads/StudentSystemFinal%20(1)/StudentSystemFinal/src/studentsystem/LoginScreen.java</file>
            <file>file:/C:/Users/reyma/Downloads/StudentSystemFinal%20(1)/StudentSystemFinal/src/studentsystem/LoadingScreen.java</file>
            <file>file:/C:/Users/reyma/Downloads/StudentSystemFinal%20(1)/StudentSystemFinal/src/studentsystem/DatabaseConnection.java</file>
            <file>file:/C:/Users/reyma/Downloads/StudentSystemFinal%20(1)/StudentSystemFinal/src/studentsystem/StudentInfoSystem.java</file>
        </group>
    </open-files>
</project-private>
